origami person made of folded white paper, crisp creases, studio lighting, keep pose
chrome statue version of the subject, mirror reflections, museum gallery, photoreal
inflatable balloon animal human, glossy latex, parade float vibes
LEGO minifigure version of the person, blocky geometry, bright plastic, toy photo
pixel-art human, 16-bit sprite rendered in 3D, retro arcade look
stained-glass mosaic person glowing from within, cathedral light shafts
neon sign outline of the subject, glass tubes, electric glow, night city backdrop
living marble bust with cracks and chisel marks, renaissance museum
cardboard robot cosplay, duct tape seams, DIY maker-fair aesthetic
post-it note mosaic human, thousands of sticky notes forming the figure
moss and fern golem, tiny mushrooms, damp forest ambience, cinematic
coral reef person covered in anemones and fish, underwater vibe
lava and obsidian body, molten veins, smoke wisps, volcanic scene
cloud person made of fluffy cumulonimbus, sun rays, sky backdrop
glitch-art hologram human, RGB channel shift, datamosh fragments
CRT-television-headed cyborg, scanlines, retro tech cables
inflatable tube-man human, windy car-lot energy, exaggerated motion blur
rubber duck armor suit, yellow glossy plastic, whimsical
traffic-cone knight, caution-tape cape, construction site hero
gummy candy human, translucent jelly texture, macro candy lighting
gingerbread cookie person with icing decorations, holiday bakery set
sushi roll samurai—nori cloak, rice texture skin, salmon sash
living bouquet—flower-petal skin, leaves for hair, soft bokeh garden
paper comic halftone hero, Ben-Day dots, speech bubble pop-art
steampunk automaton—brass gears, pressure gauges, Victorian workshop
ball-pit person made of hundreds of colored spheres, playful chaos
prismatic crystal body refracting rainbows, dark studio, hard rim light
honeycomb + bees guardian, dripping honey, macro nature lighting
arcade-claw-machine plush toy version of the subject, soft felt texture
astronaut made of balloons and mylar, reflective space party suit
guinea pigs
porcelain doll version of the subject, glossy ceramic skin, painted eyelashes, antique toy shop
ice sculpture human, frosted translucency, trapped air bubbles, blue winter lighting
brushed-aluminum mannequin, industrial reflections, minimalist showroom
knitted yarn person, chunky wool texture, cozy handmade sweater aesthetic
patchwork quilt human, stitched fabric panels, folk-art warmth
melted candle person, dripping wax, glowing wick highlights, dark chapel mood
topiary human sculpted from hedges, manicured leaves, formal garden setting
terracotta warrior version of the subject, fired clay texture, ancient tomb lighting
porcelain vase person with blue floral patterns, museum pedestal, delicate glaze
woven wicker human, basket texture, sunlit artisan market
frosted sugar statue, sparkling crystals, candy-shop lighting
cracked desert-clay body, dry earth texture, heat haze, arid landscape
sea-glass person, smooth translucent fragments, beach sunlight
stained porcelain mask face, gilded kintsugi cracks, elegant gallery display
denim patchwork human, jeans texture, stitched seams, fashion editorial
newspaper collage person, torn headlines, monochrome print texture, editorial vibe
book-page sculpture human, folded paper typography, library backdrop
cassette-tape creature, magnetic tape ribbons flowing, retro 80s room
VHS glitch person, tracking errors, tape warble, old living-room TV glow
floppy-disk armor suit, retro computer relics, nerdy museum display
motherboard cyborg body, glowing traces, exposed chips, dark tech lab
translucent jellyfish human, bioluminescent tendrils, deep ocean darkness
peacock-feather cloak person, iridescent eye patterns, regal posture
butterfly-wing human, delicate symmetrical wings, botanical conservatory
spider-silk figure, silvery threads, dewy web shimmer, eerie forest dawn
pebbled river-stone golem, smooth rounded rocks, rushing stream backdrop
driftwood person, barnacles and salt texture, moody shoreline
autumn-leaf person, layered orange and red foliage, crisp fall air
pinecone forest guardian, bark texture, woodland fog, earthy tones
snowman version of the subject, carrot nose accents, scarf, winter scene
sandcastle human, sculpted turrets and shells, beach sunset
mud-and-reeds swamp creature, wet texture, misty marsh ambience
bioluminescent mushroom person, glowing caps, neon forest floor
cactus cowboy, succulent skin, tiny blossoms, desert sunset
dandelion puff human, delicate seeds drifting away, dreamy backlight
koi-fish patterned body, flowing fins and scales, serene pond aesthetic
peony-petal ballerina form, layered blossoms, soft pastel studio
sunflowers-for-hair portrait, golden petals, bright summer field
geode person split open with amethyst crystals inside, dark cave sparkle
opal body with iridescent fire, black background, jewelry-photo lighting
liquid mercury human, rippling chrome fluid, surreal science-lab mood
holographic foil body, rainbow sheen, glossy fashion-commercial look
transparent glass person filled with swirling colored smoke, black studio
gemstone knight made of emerald, ruby, and sapphire facets, fantasy vault
diamond dust silhouette, sparkling particles suspended in air, luxury ad lighting
obsidian mirror figure with razor-sharp reflections, volcanic black shine
shattered mirror person, fractured reflections, moody spotlight
molten gold statue, glowing seams, opulent treasure-room ambience
silver filigree human, intricate lace-like metalwork, royal craftsmanship
chainmail fashion model, reflective rings, dramatic editorial runway
candy-wrapper collage human, crinkled metallic wrappers, pop-art chaos
cereal-box mascot version of the subject, bold packaging graphics, supermarket aisle
popcorn person, buttery texture, movie-theater neon
ramen-noodle hair and broth aura, steam rising, cozy food-photography vibe
waffle-person with syrup sheen, breakfast-commercial lighting
ice-cream sundae human, whipped cream hair, cherry accents, pastel diner
marshmallow creature, toasted edges, campfire glow
fruit-collage portrait, kiwi slices, citrus wheels, berries, vibrant tabletop style
porcelain teacup queen, floral china textures, tea-party fantasy
champagne-bubble human, translucent golden liquid body, luxury celebration feel
graffiti mural version of the subject, spray-paint drips, urban alley wall
chalk drawing human come to life, dusty pastel strokes, school blackboard setting
charcoal sketch figure in 3D, expressive smudges, artist studio backdrop
oil-paint impasto person, thick brushstrokes, rich canvas texture
watercolor-wash human, bleeding pigment edges, soft paper texture
cut-paper layered portrait, stacked colorful paper depth, handcrafted shadow-box look
claymation character version of the subject, stop-motion textures, miniature set
low-poly crystal avatar, faceted geometry, gradient background, 3D render
voxel human made of tiny cubes, game-engine lighting, blocky detail
blueprint person, white technical linework on blue paper, drafting table aesthetic
x-ray human with glowing skeleton and organs, black void, medical-imaging look
thermal-camera body, false-color heat map, surveillance-tech vibe
wireframe hologram human, cyan grid lines, virtual-reality chamber
particle-swarm person made of thousands of glowing dots, volumetric lighting
smoke silhouette human, wispy edges, dark studio with rim light
ink-in-water person, black tendrils and pigment blooms, high-speed macro look
soap-bubble body, iridescent membrane, delicate floating reflections
foam sculpture human, airy bubbles, bright white studio
sponge person, porous texture, absurd household-product ad style
plush teddy-bear human, fuzzy fabric, stitched seams, toy-store display
felt puppet version of the subject, handmade textures, whimsical puppet theater
action figure blister-pack version of the subject, collectible toy packaging
porcelain ballerina music-box figure, tiny pedestal, delicate lace costume
tin wind-up robot person, painted metal, key on the back, vintage toy feel
marionette puppet human, strings from above, theatrical spotlight
dollhouse miniature version of the subject, tiny furniture scale, handcrafted realism
chess-piece monarch version of the subject, carved ebony and ivory, dramatic board lighting
playing-card king/queen portrait, ornate borders, deck-of-cards illustration style
tarot-card version of the subject, mystical symbolism, celestial gold details
carnival mask performer, feathers, sequins, dramatic festival lighting
disco-ball person, mirrored tiles, dance-floor beams, 70s party energy
laser-grid body, glowing beam lines wrapping the figure, dark club space
aurora-borealis person, flowing northern lights texture, starry arctic night
thunderstorm human, crackling lightning veins, rain mist, cinematic sky
galaxy person made of stars, nebulae, and cosmic dust, deep-space backdrop
black-hole silhouette with gravitational lensing, glowing accretion ring, surreal cosmos
moon-surface astronaut body, crater texture skin, Earth in background
vintage deep-sea diver suit, brass helmet, underwater shafts of light
pirate treasure golem, coins and jewels embedded in the body, shipwreck cave
guinea-pig monarch, regal tiny-crown aesthetic, fluffy fur texture, absurd renaissance portrait vibe
ethereal moonlit portrait, silver-blue rim light, drifting mist, preserve subject pose
subject as a celestial oracle, flowing translucent robes, stars woven through fabric
golden-hour meadow spirit, wildflowers swirling around the body, cinematic lens flare
subject made of soft glowing stardust, nebula trails, deep-space elegance
porcelain-and-gold kintsugi figure, delicate cracks glowing, museum-quality lighting
underwater dream portrait, floating silk fabric, sunbeams through clear blue water
subject as a luminous glass sculpture, internal rainbow caustics, black studio backdrop
romantic oil painting hero, dramatic chiaroscuro, velvet shadows, old-master composition
bioluminescent forest guardian, glowing moss and fireflies, twilight woodland atmosphere
subject wrapped in aurora borealis ribbons, arctic night sky, cinematic wide shot
floating lotus deity, soft petals, misty lake surface, sunrise reflections
subject as an opal statue, iridescent fire, soft jewelry-commercial lighting
baroque angelic figure, golden wings, cathedral light shafts, painterly realism
rain-soaked neon cinematic portrait, reflective pavement, soft city bokeh
desert mirage wanderer, flowing linen, glowing horizon, epic film still
subject made of drifting cherry blossoms, petals dissolving in spring wind
crystalline ice queen/king, frosted details, polar twilight, elegant sharp highlights
subject in a field of glowing lanterns, warm amber light, dreamy depth of field
cosmic renaissance portrait, velvet cloak, galaxies in the background, regal lighting
subject as a living marble statue with gold veins, museum spotlight, serene expression
ocean-wave spirit, water curling around the body, sunset sea foam, cinematic motion
enchanted garden portrait, vines and flowers forming couture clothing, soft haze
subject as a stained-glass saint, jewel tones, radiant backlight, cathedral scale
floating in zero gravity, silk ribbons and stars, high-fashion space editorial
subject as a luminous pearl figure, nacre texture, soft oceanic glow
ancient temple guardian, carved jade and gold, incense smoke, dramatic shafts of light
subject made of morning fog, translucent silhouette, sunrise forest clearing
cinematic samurai in falling snow, elegant silhouette, blue-gray twilight
subject as a phoenix of glowing embers, warm firelight, dark atmospheric background
iridescent butterfly-wing cloak, botanical conservatory, macro-lens beauty
Venetian masquerade portrait, candlelight, ornate gold mask, cinematic ballroom
subject inside a giant soap bubble, rainbow reflections, dreamy sky backdrop
glowing white-gold silhouette, halo backlight, minimal black stage
subject as a constellation map, star points connected by fine golden lines
art nouveau flower spirit, flowing hair, ornamental curves, soft pastel glow
subject made of cascading silk, wind-swept fabric, editorial fashion lighting
golden desert statue, sand particles drifting, majestic wide-angle framing
subject as a luminous mermaid/merman silhouette, deep teal water, floating hair
midnight garden with glowing blue roses, subject centered in cinematic fog
subject carved from translucent amber, trapped ancient leaves, warm backlight
emerald forest elf portrait, leaf armor, shafts of sunlight, cinematic fantasy realism
subject as a living watercolor painting, soft pigment blooms, elegant paper texture
blue-hour rooftop portrait, city lights below, cinematic wind and atmosphere
subject made of falling golden leaves, autumn sunset, poetic motion blur
silk-and-crystal ballroom figure, chandelier reflections, elegant cinematic drama
subject as a moonstone sculpture, pearly glow, night garden setting
glowing cyber-angel, transparent holographic wings, rain and neon cityscape
subject as an ancient bronze statue with verdigris patina, museum shadows
lavender field dream sequence, soft wind, pastel sunset, romantic film still
subject wrapped in luminous koi fish and water ribbons, serene pond reflections
dark royal portrait, black velvet and gold embroidery, Rembrandt-style lighting
subject made of candle flames and smoke, warm glow, sacred ritual atmosphere
tropical waterfall spirit, mist, lush green foliage, cinematic adventure lighting
subject as a delicate lace sculpture, intricate shadows, white-on-white studio
glowing mandala aura behind the subject, sacred geometry, rich jewel tones
subject as a cloud dancer, flowing cumulonimbus gown, sunset sky
crystalline cave oracle, amethyst formations, purple rim light, fantasy realism
subject in a floating flower market, petals and lanterns, dreamlike cinematic set
soft-focus 1970s film portrait, sun flare, warm grain, nostalgic beauty
subject as an elegant glass angel, transparent wings, refracted rainbow light
black-sand beach portrait, storm clouds, silver ocean, epic cinematic contrast
subject made of flowing ink and gold leaf, luxury editorial composition
enchanted winter monarch, fur cloak, frost crystals, torchlight and snow
subject as a living galaxy wrapped in sheer fabric, cosmic high-fashion look
floating above a mirror lake, perfect reflection, sunrise haze
subject as a rose-gold automaton, delicate gears, romantic steampunk elegance
glowing cathedral-window silhouette, stained-glass colors cast across the body
subject as a river spirit, clear water skin, stones and reflections inside
cinematic noir portrait, rain, smoke, venetian blinds, elegant shadows
subject in a field of bioluminescent grass, blue-green glow, night fantasy
translucent blue crystal body, elegant facets, dark studio hard rim light
subject as a sun deity, radiant gold rays, cinematic clouds, mythic scale
floating feathers around the subject, soft white light, slow-motion elegance
subject as a silver liquid-metal dancer, graceful pose, black mirror floor
rose-petal storm, subject emerging from swirling red petals, dramatic backlight
luminous underwater jellyfish cloak, deep-sea blue, ethereal drifting motion
subject as an ancient fresco come to life, cracked plaster, warm Italian sunlight
cinematic mountain wanderer, cloak in wind, dramatic alpine horizon
subject made of glowing paper lanterns, warm translucent panels, festival night
sapphire-and-diamond figure, luxury gemstone sparkle, dark royal backdrop
misty bamboo forest warrior, soft green light, floating pollen
subject as a divine marble relief, sculptural drapery, museum-grade shadows
golden rain falling around the subject, slow-motion droplets, black stage
subject as a luminous ghost bride/groom, sheer fabric, romantic haunted mansion
celestial ballet dancer, star trails, moonlit stage, graceful motion
subject wrapped in glowing fiber-optic threads, cyber couture, dark studio
rose-window halo portrait, medieval cathedral, radiant colored light
subject as an elegant peacock spirit, iridescent feathers, regal posture
cinematic desert night, stars overhead, subject lit by campfire and moonlight
subject made of transparent quartz, internal fractures glowing, macro realism
romantic rainy window portrait, soft reflections, warm interior light
subject as a living constellation goddess/god, cosmic dust hair, deep blue void
floating palace of clouds behind the subject, golden sunrise, mythic fantasy
subject emerging from a pool of liquid gold, luxury cinematic lighting
glowing lotus armor, soft pink petals, temple garden ambience
subject as a silver-thread embroidery figure, black velvet background, couture detail
cinematic fairy-tale cloak, glowing runes, foggy forest path
subject as a glass terrarium person filled with tiny plants and fireflies
subject made of moonlight and ocean foam, night shoreline, poetic realism
luminous cinematic portrait with soft anamorphic flares, elegant color grading, keep pose
subject as a giant walking taco, lettuce hair, salsa splashes, heroic food-truck lighting
inflatable pool float version of the subject, duck beak, glossy plastic, backyard chaos
subject made entirely of spaghetti, meatball eyes, parmesan snow, dramatic Italian kitchen
human-sized corgi in the subject’s pose, tiny legs, heroic cinematic seriousness
subject as a confused traffic cone wizard, caution-tape robe, magical construction dust
giant banana person, expressive peel arms, tropical grocery-store runway
subject as a hot dog mascot, mustard cape, stadium spotlight
office printer demon version of the subject, paper jams everywhere, corporate horror-comedy
subject made of croissants, flaky layers, buttery French bakery glamour
raccoon billionaire version of the subject, tiny suit, stolen jewelry, alley luxury
subject as a disco broccoli, glittering florets, nightclub vegetable energy
rubber chicken superhero, cape flying, absurd action-movie pose
subject as a sentient Roomba knight, tiny armor, dust bunny enemies
giant avocado person, pit chest, guacamole aura, health-food commercial
subject as a stack of pancakes, syrup crown, breakfast royalty
octopus office worker, eight arms holding coffee and laptops, stressed productivity
subject as a pool-noodle warrior, foam armor, inflatable sword
glamorous pigeon celebrity, sunglasses, paparazzi flashes, red carpet crumbs
subject as a slice of pizza with attitude, melted cheese cape, neon pizzeria
human made of nachos, jalapeño buttons, queso lava, sports-bar lighting
subject as a medieval knight made of cardboard boxes, Amazon labels, duct-tape sword
giant gummy bear version of the subject, translucent candy body, overly serious portrait
subject as a pickle astronaut, glass helmet, cosmic brine
squirrel wizard, acorn staff, tiny cloak, epic forest magic
subject made of bubble wrap, popping texture, shipping warehouse glamour
living birthday cake person, candle hair, frosting clothes, party panic
subject as a smug houseplant, terracotta pot legs, dramatic greenhouse lighting
lobster business executive, briefcase claws, luxury seafood boardroom
subject as a haunted vending machine, glowing snacks inside, dramatic fog
giant potato person, little cowboy hat, desert road-trip energy
subject as a cheese wizard, fondue staff, dairy magic rays
frog prince gym influencer, tiny crown, protein shaker, swamp mirror selfie
subject as a malfunctioning mascot costume, googly eyes, theme-park backstage
elegant walrus professor, spectacles, tweed jacket, lecture hall gravitas
subject made of breakfast cereal, milk splash aura, Saturday morning commercial
living piñata person, colorful paper fringe, candy explosion, fiesta chaos
subject as a luxury toilet-paper fashion model, quilted layers, high-fashion runway
crab DJ, tiny headphones, beach rave, claw on turntable
subject as a dramatic soap opera llama, wind machine, glamorous hair
human-shaped pile of laundry, socks everywhere, cinematic tragic hero lighting
subject as a giant boba tea, tapioca pearls, clear cup body, cute café scene
penguin spy, tiny tuxedo, laser grid, icy mission impossible
subject as a marshmallow cowboy, toasted hat, campfire sunset
spaghetti western raccoon, poncho, tiny revolver-shaped churro, dusty showdown
subject as a living emoji sticker, glossy yellow face, exaggerated expression
fancy goose monarch, crown, velvet cape, absolute chaos energy
subject as a burrito mummy, tortilla wraps, salsa tomb, archaeological drama
sentient disco vacuum cleaner, sparkly hose, dance floor lighting
subject as a dramatic potato-chip bag, crinkly foil, snack-aisle hero shot
guinea pig biker gang leader, tiny leather vest, cinematic desert highway
subject as a porcelain mask with no eyes, hairline cracks, dim candlelit hallway
long shadow version of the subject, body stretched impossibly across the floor
subject made of moth wings and dust, flickering attic light, unsettling elegance
faceless mannequin double, smooth skin, abandoned department store
subject with a mirror for a face, reflecting an empty room behind the camera
anatomical wax museum figure, half-melted features, old medical theater
subject as a swarm of tiny hands forming a human silhouette, dark studio
eerie marionette version of the subject, strings vanishing into darkness
subject made of old photographs, faces misaligned, archive-room nightmare
glitching ghost duplicate, half-transparent body, corrupted VHS artifacts
subject with too many shadows, each shadow posed differently, moonlit wall
living dollhouse figure, oversized furniture, uncanny miniature room
subject as a cracked statue leaking black ink, museum at midnight
body filled with staring eyes beneath translucent skin, surreal horror portrait
subject made of wet clay, fingerprints everywhere, unfinished golem aesthetic
elegant figure with blooming mushrooms from the face, damp cellar light
subject as a foggy silhouette behind frosted glass, handprints on surface
wax-candle human slowly melting, face calm, cathedral darkness
subject made of tangled black wires and old phone cords, static atmosphere
insectoid aristocrat, iridescent carapace, formal portrait lighting
subject with a hollow chest containing a tiny storm, lightning inside ribs
puppet-theater nightmare, oversized painted moon, subject suspended by threads
subject as a cracked porcelain saint, golden halo tilted, abandoned chapel
transparent figure filled with writhing smoke, black eyes, surreal studio
subject made of roots growing through old bones, forest floor close-up
CCTV ghost version of the subject, monochrome surveillance distortion
subject as a living x-ray, glowing bones slightly misaligned, dark hospital corridor
wax museum copy of the subject standing too still, dim red exit sign
subject covered in antique keys, every movement jingling, locked-door hallway
body made of black feathers and pale hands, dreamlike nightmare atmosphere
subject as a deep-sea creature in human posture, bioluminescent eyes, abyssal dark
surreal duplicate peeling away from the subject like old wallpaper
subject with a tiny door in the chest, warm light leaking from inside
figure made of torn red theater curtains, empty stage, spotlight haze
subject as a cracked ceramic doll filled with crawling clockwork gears
body dissolving into black birds, abandoned train station, motion blur
subject as a ghostly bride/groom made of cobwebs, haunted ballroom
human silhouette formed from floating teeth and pearls, sterile white background
subject with elongated porcelain fingers, impossible elegant hand shapes
eerie underwater figure, hair floating upward, no bubbles, greenish light
subject made of wet newspapers, ink bleeding, rainy alley nightmare
living shadow puppet, flat black profile but 3D eyes, candlelit wall
subject as a medical anatomical chart come alive, old paper texture, uncanny realism
body composed of cracked eggshells, pale light glowing from within
subject trapped inside a translucent amber block, distorted face, museum specimen
figure wearing a smiling mask while the real face is missing, soft spotlight
subject as an abandoned animatronic, torn synthetic skin, blinking lights
surreal hallway of identical subject copies, each slightly wrong, fluorescent flicker
subject made of black liquid dripping upward, gravity reversed, silent void
elegant nightmare oracle, blindfolded with silver thread, moths circling in darkness
